straykids,mamma,1
straykids,meme,1
straykids,neiperte,1
straykids,스트레이키즈,11
duo,mamma,1
duo,perte,2
duo,girls,4
duo,parati,9
duo,italy,1
duo,neiperte,1
mamma,perte,24
mamma,skibidiboppi,1
mamma,ironia,2
mamma,comedy,8
mamma,meme,1
mamma,pasticceria,1
mamma,neiperte,9
mamma,forzanapoli,1
andiamoneiperte,perte,25
andiamoneiperte,perteeee,8
andiamoneiperte,neipertee,3
andiamoneiperte,neiperteee,1
andiamoneiperte,love,1
andiamoneiperte,capcut,1
andiamoneiperte,lazza,1
andiamoneiperte,ironia,9
andiamoneiperte,football,1
andiamoneiperte,car,1
andiamoneiperte,milano,1
andiamoneiperte,carabinieri,1
andiamoneiperte,humor,1
andiamoneiperte,foryoupage❤️❤️,1
andiamoneiperte,intelligenzaartificiale,1
andiamoneiperte,napoli,8
andiamoneiperte,neiperte,4
andiamoneiperte,janniksinner,1
andiamoneiperte,voliamoneiperte,1
andiamoneiperte,ai,1
relatable,perte,2
relatable,funnytiktok,1
relatable,trends,1
relatable,parati,1
relatable,lavoro,1
relatable,comedy,1
relatable,tennis,1
relatable,meme,1
relatable,puglia,1
sinner,perte,1
sinner,perteeee,1
sinner,calcio,1
sinner,pourtoi,1
sinner,wimbledon,9
sinner,lazza,1
sinner,tennis,1
sinner,janniksinner,11
sinner,gymtok,1
perte,girls,5
perte,foru,11
perte,funnytiktok,2
perte,perteeee,12
perte,neipertee,4
perte,neiperteee,16
perte,love,3
perte,skibidiboppi,2
perte,fyppppppppppppppppppppppp,7
perte,couplegoals,1
perte,calcio,1
perte,parati,2
perte,empatia,5
perte,pizza,10
perte,lavoro,1
perte,ultimostadi2025,6
perte,capcut,4
perte,lazza,3
perte,ironia,16
perte,football,5
perte,car,11
perte,beauty,11
perte,amore,2
perte,milano,4
perte,carabinieri,11
perte,sarachehaipresotuttoelhaibuttatovia,9
perte,comedy,1
perte,baby,2
perte,humor,2
perte,foryoupage❤️❤️,10
perte,ultimopeterpan,6
perte,italy,12
perte,intelligenzaartificiale,1
perte,dance,1
perte,matrimonio,1
perte,lifeguard,1
perte,napoli,22
perte,loveyou,1
perte,croatia,10
perte,meme,10
perte,pasticceria,1
perte,outfit,5
perte,neiperte,50
perte,voliamoneiperte,11
perte,sansiro,4
perte,seriea,1
perte,travel,1
perte,roma,13
perte,concerto,1
perte,casa,10
perte,davedere,1
perte,puglia,8
perte,tiktokcalcio,1
perte,ai,9
perte,gymtok,11
perte,estate,2
girls,outfit,5
foru,perteeee,5
foru,skibidiboppi,1
foru,fyppppppppppppppppppppppp,2
foru,trends,2
foru,football,1
foru,car,4
foru,humor,1
foru,voliamoneiperte,1
foru,casa,9
foru,ai,2
foru,gymtok,1
foru,estate,1
immobile,tiktokfootball,14
immobile,meme,7
immobile,seriea,7
immobile,tiktokcalcio,7
funnytiktok,calisthenics,10
funnytiktok,pizza,10
funnytiktok,comedy,1
funnytiktok,neiperte,1
perteeee,neipertee,1
perteeee,love,1
perteeee,lazza,1
perteeee,amore,1
perteeee,milano,3
perteeee,humor,1
perteeee,loveyou,1
perteeee,meme,1
perteeee,neiperte,2
perteeee,janniksinner,1
perteeee,voliamoneiperte,6
perteeee,sansiro,2
perteeee,travel,1
perteeee,summer,4
outfitdelgiorno,outfitinspo,11
outfitdelgiorno,outfit,11
outfitdelgiorno,gambegonfie,11
neipertee,neiperteee,1
neipertee,love,1
neipertee,capcut,7
neipertee,lazza,1
neipertee,ironia,2
neipertee,humor,1
neipertee,foryoupage❤️❤️,1
neipertee,meme,1
neipertee,neiperte,2
neipertee,voliamoneiperte,1
neipertee,travel,1
neiperteee,consigliodasorea,1
neiperteee,parati,1
neiperteee,lavoro,1
neiperteee,milano,1
neiperteee,sarachehaipresotuttoelhaibuttatovia,9
neiperteee,comedy,1
neiperteee,baby,1
neiperteee,humor,1
neiperteee,dance,1
neiperteee,coscechesfregano,1
neiperteee,meme,1
neiperteee,pasticceria,1
neiperteee,voliamoneiperte,3
neiperteee,travel,1
neiperteee,ai,1
love,fyppppppppppppppppppppppp,1
love,couplegoals,14
love,calisthenics,1
love,parati,1
love,pourtoi,1
love,amore,10
love,ultimo,1
love,jet2holidays,1
love,tennis,1
love,janniksinner,1
love,travel,1
skibidiboppi,trends,9
skibidiboppi,videoai,14
skibidiboppi,meme,1
skibidiboppi,forzanapoli,23
skibidiboppi,estate,1
consigliodasorea,coscechesfregano,11
consigliodasorea,outfit,11
consigliodasorea,gambegonfie,11
tiktokfootball,calcio,1
tiktokfootball,neiperte,1
tiktokfootball,seriea,28
tiktokfootball,tiktokcalcio,22
fyppppppppppppppppppppppp,capcut,3
fyppppppppppppppppppppppp,car,2
fyppppppppppppppppppppppp,amore,2
fyppppppppppppppppppppppp,biker,1
fyppppppppppppppppppppppp,napoli,2
fyppppppppppppppppppppppp,davedere,1
couplegoals,amore,8
couplegoals,matrimonio,1
calisthenics,pourtoi,1
calisthenics,pizza,10
calisthenics,ultimo,1
calisthenics,foryoupage❤️❤️,1
calisthenics,gymtok,10
trends,videoai,9
trends,lavoro,1
trends,tennis,1
trends,janniksinner,1
calcio,pourtoi,1
calcio,lazza,1
calcio,football,3
calcio,milano,1
calcio,napoli,1
calcio,janniksinner,1
calcio,sansiro,1
calcio,seriea,2
calcio,tiktokcalcio,3
calcio,gymtok,1
parati,pourtoi,1
parati,ultimo,1
parati,humor,8
parati,gym,6
bikersoftiktok,ducati,8
bikersoftiktok,biker,18
bikersoftiktok,bikelife,10
bikersoftiktok,agv,16
videoai,forzanapoli,14
videoai,ai,9
pourtoi,capcut,4
pourtoi,ultimo,1
pourtoi,jet2holidays,8
pourtoi,humour,39
pourtoi,foryoupage❤️❤️,1
pourtoi,napoli,1
pourtoi,gymtok,1
pizza,consigli,1
pizza,davedere,1
pizza,gymtok,10
wimbledon,lazza,2
wimbledon,milano,1
wimbledon,tennis,11
wimbledon,janniksinner,19
wimbledon,sansiro,2
wimbledon,roma,1
wimbledon,puglia,1
lavoro,milano,1
lavoro,risposte,7
lavoro,ai,1
ultimostadi2025,ultimo,14
ultimostadi2025,ultimopeterpan,12
ultimostadi2025,concertoultimo,8
ultimostadi2025,concerto,6
outfitinspo,outfit,11
amiche,estate,6
capcut,amore,1
capcut,milano,3
capcut,biker,1
capcut,intelligenzaartificiale,1
capcut,consigli,2
capcut,meme,9
capcut,bikelife,1
capcut,roma,1
capcut,gym,1
capcut,davedere,2
capcut,ai,2
lazza,milano,20
lazza,tennis,3
lazza,janniksinner,2
lazza,sansiro,17
lazza,concerto,12
ironia,amore,1
ironia,comedy,1
ironia,intelligenzaartificiale,1
ironia,napoli,1
ironia,meme,1
ironia,neiperte,2
ironia,travel,1
football,humor,1
football,neiperte,2
football,seriea,1
football,roma,1
football,tiktokcalcio,2
car,carabinieri,10
car,neiperte,1
car,voliamoneiperte,1
beauty,foryoupage❤️❤️,1
beauty,ultimopeterpan,10
beauty,ai,1
amore,comedy,8
amore,napoli,1
amore,meme,1
amore,neiperte,8
amore,janniksinner,1
amore,roma,1
amore,gym,1
milano,humor,1
milano,tennis,1
milano,napoli,2
milano,sansiro,21
milano,roma,1
milano,concerto,10
milano,gym,1
milano,verissimo,1
milano,ai,1
carabinieri,neiperte,1
achiena,neiperte,20
achiena,acqua,20
ultimo,ultimopeterpan,6
ultimo,concertoultimo,8
ultimo,roma,2
ultimo,concerto,2
ultimo,summer,2
comedy,humor,1
comedy,learnfromkhaby,14
comedy,dance,1
comedy,meme,1
comedy,neiperte,8
temptationisland,matrimonio,7
temptationisland,davedere,9
temptationisland,verissimo,9
jet2holidays,travel,3
jet2holidays,summer,1
baby,coscechesfregano,1
baby,ai,1
ducati,biker,8
ducati,agv,16
humor,dance,1
biker,bikelife,11
biker,agv,8
foryoupage❤️❤️,loveyou,9
foryoupage❤️❤️,neiperte,9
foryoupage❤️❤️,ai,1
ultimopeterpan,concerto,6
italy,napoli,9
italy,neiperte,1
italy,travel,1
italy,roma,2
italy,casa,9
italy,ai,1
intelligenzaartificiale,meme,10
intelligenzaartificiale,ai,10
tennis,janniksinner,11
tennis,sansiro,3
tennis,gymtok,1
consigli,davedere,1
consigli,summer,10
consigli,estate,10
coscechesfregano,gambegonfie,11
lifeguard,meme,1
lifeguard,estate,1
napoli,neiperte,6
napoli,sansiro,1
napoli,roma,8
napoli,casa,9
loveyou,neiperte,10
meme,voliamoneiperte,1
meme,roma,1
meme,concerto,2
meme,forzanapoli,9
meme,tiktokcalcio,7
meme,ai,9
meme,estate,2
pasticceria,neiperte,1
outfit,gambegonfie,11
neiperte,voliamoneiperte,12
neiperte,acqua,10
neiperte,roma,3
neiperte,davedere,1
neiperte,tiktokcalcio,1
neiperte,ai,2
neiperte,gymtok,11
voliamoneiperte,estate,1
sansiro,concerto,13
sansiro,verissimo,1
seriea,roma,1
seriea,tiktokcalcio,20
travel,casa,1
travel,summer,1
travel,ai,1
travel,estate,1
roma,gym,1
roma,davedere,1
roma,puglia,1
concerto,summer,2
casa,estate,1
gym,davedere,1
gym,verissimo,1
gym,gymtok,9
forzanapoli,ai,9
davedere,verissimo,15
summer,puglia,10
summer,estate,10
puglia,estate,10
ai,gymtok,1
ai,estate,1
